[
    {
        "path":  ".gitignore",
        "Length":  480,
        "LastWriteTime":  "\/Date(1754685359333)\/"
    },
    {
        "path":  "components.json",
        "Length":  426,
        "LastWriteTime":  "\/Date(1755557251291)\/"
    },
    {
        "path":  "eslint.config.mjs",
        "Length":  393,
        "LastWriteTime":  "\/Date(1754685359462)\/"
    },
    {
        "path":  "next-env.d.ts",
        "Length":  211,
        "LastWriteTime":  "\/Date(1754685359503)\/"
    },
    {
        "path":  "next.config.ts",
        "Length":  155,
        "LastWriteTime":  "\/Date(1755558259306)\/"
    },
    {
        "path":  "package-lock.json",
        "Length":  288917,
        "LastWriteTime":  "\/Date(1755792500722)\/"
    },
    {
        "path":  "package.json",
        "Length":  1097,
        "LastWriteTime":  "\/Date(1755792500508)\/"
    },
    {
        "path":  "postcss.config.mjs",
        "Length":  81,
        "LastWriteTime":  "\/Date(1754685359462)\/"
    },
    {
        "path":  "README.md",
        "Length":  1450,
        "LastWriteTime":  "\/Date(1754685359435)\/"
    },
    {
        "path":  "tsconfig.json",
        "Length":  598,
        "LastWriteTime":  "\/Date(1755532378139)\/"
    },
    {
        "path":  ".sync\\commit.txt",
        "Length":  20,
        "LastWriteTime":  "\/Date(1755793970682)\/"
    },
    {
        "path":  ".sync\\env.txt",
        "Length":  38,
        "LastWriteTime":  "\/Date(1755793989694)\/"
    },
    {
        "path":  ".sync\\npm-pkg.json",
        "Length":  1964,
        "LastWriteTime":  "\/Date(1755794000601)\/"
    },
    {
        "path":  "app\\favicon.ico",
        "Length":  25931,
        "LastWriteTime":  "\/Date(1754685359368)\/"
    },
    {
        "path":  "app\\globals.css",
        "Length":  844,
        "LastWriteTime":  "\/Date(1755557796854)\/"
    },
    {
        "path":  "app\\layout.tsx",
        "Length":  690,
        "LastWriteTime":  "\/Date(1755746530514)\/"
    },
    {
        "path":  "app\\not-found.tsx",
        "Length":  363,
        "LastWriteTime":  "\/Date(1755747246448)\/"
    },
    {
        "path":  "app\\page.tsx",
        "Length":  1016,
        "LastWriteTime":  "\/Date(1755745547334)\/"
    },
    {
        "path":  "app\\robots.ts",
        "Length":  189,
        "LastWriteTime":  "\/Date(1755558174717)\/"
    },
    {
        "path":  "app\\sitemap.ts",
        "Length":  277,
        "LastWriteTime":  "\/Date(1755558217571)\/"
    },
    {
        "path":  "app\\about\\page.tsx",
        "Length":  1922,
        "LastWriteTime":  "\/Date(1755792918706)\/"
    },
    {
        "path":  "app\\api\\_mail.ts",
        "Length":  692,
        "LastWriteTime":  "\/Date(1755626565169)\/"
    },
    {
        "path":  "app\\api\\_rate.ts",
        "Length":  534,
        "LastWriteTime":  "\/Date(1755626580657)\/"
    },
    {
        "path":  "app\\api\\contact\\route.ts",
        "Length":  1121,
        "LastWriteTime":  "\/Date(1755615363056)\/"
    },
    {
        "path":  "app\\api\\reserve\\route.ts",
        "Length":  1266,
        "LastWriteTime":  "\/Date(1755615331986)\/"
    },
    {
        "path":  "app\\contact\\page.tsx",
        "Length":  1642,
        "LastWriteTime":  "\/Date(1755615219365)\/"
    },
    {
        "path":  "app\\gallery\\page.tsx",
        "Length":  276,
        "LastWriteTime":  "\/Date(1755745772297)\/"
    },
    {
        "path":  "app\\menu\\page.tsx",
        "Length":  1227,
        "LastWriteTime":  "\/Date(1755747119632)\/"
    },
    {
        "path":  "app\\reserve\\page.tsx",
        "Length":  2669,
        "LastWriteTime":  "\/Date(1755615195701)\/"
    },
    {
        "path":  "components\\Breadcrumbs.tsx",
        "Length":  688,
        "LastWriteTime":  "\/Date(1755613018626)\/"
    },
    {
        "path":  "components\\Footer.tsx",
        "Length":  424,
        "LastWriteTime":  "\/Date(1755746503865)\/"
    },
    {
        "path":  "components\\Header.tsx",
        "Length":  942,
        "LastWriteTime":  "\/Date(1755746475479)\/"
    },
    {
        "path":  "components\\Hero.tsx",
        "Length":  1716,
        "LastWriteTime":  "\/Date(1755611834025)\/"
    },
    {
        "path":  "components\\HomeCTAs.tsx",
        "Length":  1150,
        "LastWriteTime":  "\/Date(1755745020646)\/"
    },
    {
        "path":  "components\\HomeMenuPreview.tsx",
        "Length":  1772,
        "LastWriteTime":  "\/Date(1755745284862)\/"
    },
    {
        "path":  "components\\HomeSpecials.tsx",
        "Length":  1079,
        "LastWriteTime":  "\/Date(1755745256995)\/"
    },
    {
        "path":  "components\\HoursTable.tsx",
        "Length":  616,
        "LastWriteTime":  "\/Date(1755747025750)\/"
    },
    {
        "path":  "components\\JsonLd.tsx",
        "Length":  219,
        "LastWriteTime":  "\/Date(1755557909273)\/"
    },
    {
        "path":  "components\\MapEmbed.tsx",
        "Length":  883,
        "LastWriteTime":  "\/Date(1755792281161)\/"
    },
    {
        "path":  "components\\MenuClient.tsx",
        "Length":  2507,
        "LastWriteTime":  "\/Date(1755747086074)\/"
    },
    {
        "path":  "components\\MenuFilters.tsx",
        "Length":  1234,
        "LastWriteTime":  "\/Date(1755558056628)\/"
    },
    {
        "path":  "components\\MenuList.tsx",
        "Length":  2399,
        "LastWriteTime":  "\/Date(1755747101249)\/"
    },
    {
        "path":  "components\\SpecialsTicker.tsx",
        "Length":  759,
        "LastWriteTime":  "\/Date(1755557971524)\/"
    },
    {
        "path":  "components\\StickyActionBar.tsx",
        "Length":  586,
        "LastWriteTime":  "\/Date(1755611898431)\/"
    },
    {
        "path":  "components\\TestimonialCarousel.tsx",
        "Length":  1455,
        "LastWriteTime":  "\/Date(1755745314716)\/"
    },
    {
        "path":  "components\\ui\\accordion.tsx",
        "Length":  2053,
        "LastWriteTime":  "\/Date(1755557276593)\/"
    },
    {
        "path":  "components\\ui\\badge.tsx",
        "Length":  1631,
        "LastWriteTime":  "\/Date(1755557276579)\/"
    },
    {
        "path":  "components\\ui\\button.tsx",
        "Length":  2123,
        "LastWriteTime":  "\/Date(1755557276546)\/"
    },
    {
        "path":  "data\\faq.json",
        "Length":  0,
        "LastWriteTime":  "\/Date(1755557693100)\/"
    },
    {
        "path":  "data\\hours.json",
        "Length":  647,
        "LastWriteTime":  "\/Date(1755746968828)\/"
    },
    {
        "path":  "data\\location.json",
        "Length":  93,
        "LastWriteTime":  "\/Date(1755746987911)\/"
    },
    {
        "path":  "data\\menu.json",
        "Length":  1475,
        "LastWriteTime":  "\/Date(1755558034164)\/"
    },
    {
        "path":  "data\\specials.json",
        "Length":  224,
        "LastWriteTime":  "\/Date(1755558147851)\/"
    },
    {
        "path":  "data\\testimonials.json",
        "Length":  315,
        "LastWriteTime":  "\/Date(1755745329540)\/"
    },
    {
        "path":  "lib\\fonts.ts",
        "Length":  298,
        "LastWriteTime":  "\/Date(1755557818958)\/"
    },
    {
        "path":  "lib\\seo.ts",
        "Length":  815,
        "LastWriteTime":  "\/Date(1755557840207)\/"
    },
    {
        "path":  "lib\\types.ts",
        "Length":  285,
        "LastWriteTime":  "\/Date(1755557867629)\/"
    },
    {
        "path":  "lib\\utils.ts",
        "Length":  166,
        "LastWriteTime":  "\/Date(1755557262501)\/"
    },
    {
        "path":  "public\\file.svg",
        "Length":  391,
        "LastWriteTime":  "\/Date(1754685359476)\/"
    },
    {
        "path":  "public\\globe.svg",
        "Length":  1035,
        "LastWriteTime":  "\/Date(1754685359476)\/"
    },
    {
        "path":  "public\\next.svg",
        "Length":  1375,
        "LastWriteTime":  "\/Date(1754685359476)\/"
    },
    {
        "path":  "public\\og-image.png",
        "Length":  3398,
        "LastWriteTime":  "\/Date(1755558693163)\/"
    },
    {
        "path":  "public\\vercel.svg",
        "Length":  128,
        "LastWriteTime":  "\/Date(1754685359493)\/"
    },
    {
        "path":  "public\\window.svg",
        "Length":  385,
        "LastWriteTime":  "\/Date(1754685359496)\/"
    },
    {
        "path":  "public\\images\\hero.png",
        "Length":  1471494,
        "LastWriteTime":  "\/Date(1755559853187)\/"
    },
    {
        "path":  "public\\images\\hero.webp",
        "Length":  12240,
        "LastWriteTime":  "\/Date(1755558662420)\/"
    }
]
